<?xml version="1.0" encoding="UTF-8"?>
<project name="inappbillinglibrary" default="all">
  
  
  <property file="inappbillinglibrary.properties"/>
  <!-- Uncomment the following property if no tests compilation is needed -->
  <!-- 
  <property name="skip.tests" value="true"/>
   -->
  
  <!-- Compiler options -->
  
  <property name="compiler.debug" value="on"/>
  <property name="compiler.generate.no.warnings" value="off"/>
  <property name="compiler.args" value=""/>
  <property name="compiler.max.memory" value="128m"/>
  <patternset id="ignored.files">
    <exclude name="**/CVS/**"/>
    <exclude name="**/SCCS/**"/>
    <exclude name="**/RCS/**"/>
    <exclude name="**/rcs/**"/>
    <exclude name="**/.DS_Store/**"/>
    <exclude name="**/.svn/**"/>
    <exclude name="**/.pyc/**"/>
    <exclude name="**/.pyo/**"/>
    <exclude name="**/*.pyc/**"/>
    <exclude name="**/*.pyo/**"/>
    <exclude name="**/.git/**"/>
    <exclude name="**/*.hprof/**"/>
    <exclude name="**/_svn/**"/>
    <exclude name="**/.hg/**"/>
    <exclude name="**/*.lib/**"/>
    <exclude name="**/*~/**"/>
    <exclude name="**/__pycache__/**"/>
    <exclude name="**/.bundle/**"/>
    <exclude name="**/*.rbc/**"/>
  </patternset>
  <patternset id="library.patterns">
    <include name="*.zip"/>
    <include name="*.apk"/>
    <include name="*.war"/>
    <include name="*.egg"/>
    <include name="*.ear"/>
    <include name="*.ane"/>
    <include name="*.swc"/>
    <include name="*.jar"/>
  </patternset>
  <patternset id="compiler.resources">
    <exclude name="**/?*.java"/>
    <exclude name="**/?*.form"/>
    <exclude name="**/?*.class"/>
    <exclude name="**/?*.groovy"/>
    <exclude name="**/?*.scala"/>
    <exclude name="**/?*.flex"/>
    <exclude name="**/?*.kt"/>
    <exclude name="**/?*.clj"/>
  </patternset>
  
  <!-- JDK definitions -->
  
  <property name="jdk.bin.android_4.0.3_google_apis" value="${jdk.home.android_4.0.3_google_apis}/../../../../System/Library/Java/JavaVirtualMachines/1.6.0.jdk/Contents/Home/bin"/>
  <path id="jdk.classpath.android_4.0.3_google_apis">
    <fileset dir="${jdk.home.android_4.0.3_google_apis}">
      <include name="platforms/android-15/android.jar"/>
      <include name="add-ons/addon-google_apis-google-15/libs/effects.jar"/>
      <include name="add-ons/addon-google_apis-google-15/libs/usb.jar"/>
      <include name="add-ons/addon-google_apis-google-15/libs/maps.jar"/>
      <include name="platforms/android-15/data/res"/>
      <include name="tools/support/annotations.jar"/>
    </fileset>
  </path>
  
  <property name="project.jdk.home" value="${jdk.home.android_4.0.3_google_apis}"/>
  <property name="project.jdk.bin" value="${jdk.bin.android_4.0.3_google_apis}"/>
  <property name="project.jdk.classpath" value="jdk.classpath.android_4.0.3_google_apis"/>
  <!-- Register Custom Compiler Taskdefs -->
  <property name="javac2.home" value="${idea.home}/lib"/>
  <path id="javac2.classpath">
    <pathelement location="${javac2.home}/javac2.jar"/>
    <pathelement location="${javac2.home}/jdom.jar"/>
    <pathelement location="${javac2.home}/asm4-all.jar"/>
    <pathelement location="${javac2.home}/jgoodies-forms.jar"/>
  </path>
  <target name="register.custom.compilers">
    <taskdef name="javac2" classname="com.intellij.ant.Javac2" classpathref="javac2.classpath"/>
    <taskdef name="instrumentIdeaExtensions" classname="com.intellij.ant.InstrumentIdeaExtensions" classpathref="javac2.classpath"/>
  </target>
  
  <!-- Modules -->
  
  <import file="${basedir}/module_inappbillinglibrary.xml"/>
  
  <target name="init" description="Build initialization">
    <!-- Perform any build initialization in this target -->
  </target>
  
  <target name="clean" depends="clean.module.inappbillinglibrary" description="cleanup all"/>
  
  <target name="build.modules" depends="init, clean, compile.module.inappbillinglibrary" description="build all modules"/>
  
  <target name="all" depends="build.modules" description="build all"/>
</project>